{
  "02 - GET /search" : {
    "transaction" : "02 - GET /search",
    "sampleCount" : 20,
    "errorCount" : 20,
    "errorPct" : 100.0,
    "meanResTime" : 386.15,
    "medianResTime" : 338.5,
    "minResTime" : 296.0,
    "maxResTime" : 682.0,
    "pct1ResTime" : 567.2000000000002,
    "pct2ResTime" : 676.55,
    "pct3ResTime" : 682.0,
    "throughput" : 0.7128854036713598,
    "receivedKBytesPerSec" : 0.2937867581536268,
    "sentKBytesPerSec" : 0.18379076813402245
  },
  "04 - GET /logout" : {
    "transaction" : "04 - GET /logout",
    "sampleCount" : 20,
    "errorCount" : 20,
    "errorPct" : 100.0,
    "meanResTime" : 348.59999999999997,
    "medianResTime" : 332.5,
    "minResTime" : 305.0,
    "maxResTime" : 435.0,
    "pct1ResTime" : 433.7,
    "pct2ResTime" : 434.95,
    "pct3ResTime" : 435.0,
    "throughput" : 0.7217871449709481,
    "receivedKBytesPerSec" : 0.29745524919701183,
    "sentKBytesPerSec" : 0.1318107383882493
  },
  "TC: Flujo Completo" : {
    "transaction" : "TC: Flujo Completo",
    "sampleCount" : 20,
    "errorCount" : 20,
    "errorPct" : 100.0,
    "meanResTime" : 1571.7,
    "medianResTime" : 1448.5,
    "minResTime" : 1290.0,
    "maxResTime" : 2534.0,
    "pct1ResTime" : 2344.0000000000014,
    "pct2ResTime" : 2527.9,
    "pct3ResTime" : 2534.0,
    "throughput" : 0.6680026720106881,
    "receivedKBytesPerSec" : 1.1011606546426185,
    "sentKBytesPerSec" : 0.726061497995992
  },
  "03 - POST /create" : {
    "transaction" : "03 - POST /create",
    "sampleCount" : 20,
    "errorCount" : 20,
    "errorPct" : 100.0,
    "meanResTime" : 438.6,
    "medianResTime" : 354.0,
    "minResTime" : 311.0,
    "maxResTime" : 1423.0,
    "pct1ResTime" : 650.7000000000002,
    "pct2ResTime" : 1384.7999999999995,
    "pct3ResTime" : 1423.0,
    "throughput" : 0.7180297264306742,
    "receivedKBytesPerSec" : 0.2959067817907661,
    "sentKBytesPerSec" : 0.2461215175558268
  },
  "Total" : {
    "transaction" : "Total",
    "sampleCount" : 80,
    "errorCount" : 80,
    "errorPct" : 100.0,
    "meanResTime" : 392.92500000000007,
    "medianResTime" : 352.5,
    "minResTime" : 296.0,
    "maxResTime" : 1423.0,
    "pct1ResTime" : 512.3000000000002,
    "pct2ResTime" : 654.8500000000003,
    "pct3ResTime" : 1423.0,
    "throughput" : 2.683213147744424,
    "receivedKBytesPerSec" : 1.105777293308737,
    "sentKBytesPerSec" : 0.7291055257420761
  },
  "01 - POST /login" : {
    "transaction" : "01 - POST /login",
    "sampleCount" : 20,
    "errorCount" : 20,
    "errorPct" : 100.0,
    "meanResTime" : 398.35,
    "medianResTime" : 366.0,
    "minResTime" : 306.0,
    "maxResTime" : 1008.0,
    "pct1ResTime" : 484.1000000000001,
    "pct2ResTime" : 981.9999999999997,
    "pct3ResTime" : 1008.0,
    "throughput" : 0.6954344726868111,
    "receivedKBytesPerSec" : 0.2865950658924163,
    "sentKBytesPerSec" : 0.21121105566952952
  }
}